N° Edição|Ano|Data|Município|Entidade|Categoria|Documento|Arquivo|URL|Identificador
5417|2.025|01/10/2025|Avelino Lopes|Prefeitura|Decreto|Decreto 049-25 Credito Suplementar|DM_5417_051_Avelino_Lopes_Decreto_049-25_Credito_Suplementar_pag_145.pdf|http://www.diarioficialdosmunicipios.org/intranet/_lib/file/doc/pdfs/novo2/5417/DM_5417_051_Avelino_Lopes_Decreto_049-25_Credito_Suplementar_pag_145.pdf|167C48E3FE0470B4
5417|2.025|01/10/2025|Avelino Lopes|Prefeitura|Licitacao|Licitacao Dispensa 016-25 Extrato Contrato 080-25|DM_5417_072_Avelino_Lopes_Licitacao_Dispensa_016-25_Extrato_Contrato_080-25_pag_147.pdf|http://www.diarioficialdosmunicipios.org/intranet/_lib/file/doc/pdfs/novo2/5417/DM_5417_072_Avelino_Lopes_Licitacao_Dispensa_016-25_Extrato_Contrato_080-25_pag_147.pdf|09FED7A8B42A724A
5417|2.025|01/10/2025|Avelino Lopes|Prefeitura|LRF|LRF RGF 2 Quadrimestre 2025 ANEXO 01 PESSOAL|DM_5417_052_Avelino_Lopes_LRF_RGF_2_Quadrimestre_2025_ANEXO_01_PESSOAL_pag_594.pdf|http://www.diarioficialdosmunicipios.org/intranet/_lib/file/doc/pdfs/novo2/5417/DM_5417_052_Avelino_Lopes_LRF_RGF_2_Quadrimestre_2025_ANEXO_01_PESSOAL_pag_594.pdf|1519036BA07A709D
5417|2.025|01/10/2025|Avelino Lopes|Prefeitura|LRF|LRF RGF 2 Quadrimestre 2025 ANEXO 02 DIVIDA|DM_5417_053_Avelino_Lopes_LRF_RGF_2_Quadrimestre_2025_ANEXO_02_DIVIDA_pag_596.pdf|http://www.diarioficialdosmunicipios.org/intranet/_lib/file/doc/pdfs/novo2/5417/DM_5417_053_Avelino_Lopes_LRF_RGF_2_Quadrimestre_2025_ANEXO_02_DIVIDA_pag_596.pdf|1252787AE566709F
5417|2.025|01/10/2025|Avelino Lopes|Prefeitura|LRF|LRF RGF 2 Quadrimestre 2025 ANEXO 03 GARANTIAS|DM_5417_054_Avelino_Lopes_LRF_RGF_2_Quadrimestre_2025_ANEXO_03_GARANTIAS_pag_597.pdf|http://www.diarioficialdosmunicipios.org/intranet/_lib/file/doc/pdfs/novo2/5417/DM_5417_054_Avelino_Lopes_LRF_RGF_2_Quadrimestre_2025_ANEXO_03_GARANTIAS_pag_597.pdf|0471C1C73E0270A0
5417|2.025|01/10/2025|Avelino Lopes|Prefeitura|LRF|LRF RGF 2 Quadrimestre 2025 ANEXO 04 OP CREDITO|DM_5417_055_Avelino_Lopes_LRF_RGF_2_Quadrimestre_2025_ANEXO_04_OP_CREDITO_pag_598.pdf|http://www.diarioficialdosmunicipios.org/intranet/_lib/file/doc/pdfs/novo2/5417/DM_5417_055_Avelino_Lopes_LRF_RGF_2_Quadrimestre_2025_ANEXO_04_OP_CREDITO_pag_598.pdf|030E7C4EE07870A1
5417|2.025|01/10/2025|Avelino Lopes|Prefeitura|LRF|LRF RGF 2 Quadrimestre 2025 ANEXO 05 DISPONIBILIDADE|DM_5417_056_Avelino_Lopes_LRF_RGF_2_Quadrimestre_2025_ANEXO_05_DISPONIBILIDADE_pag_599.pdf|http://www.diarioficialdosmunicipios.org/intranet/_lib/file/doc/pdfs/novo2/5417/DM_5417_056_Avelino_Lopes_LRF_RGF_2_Quadrimestre_2025_ANEXO_05_DISPONIBILIDADE_pag_599.pdf|13B5BDF342F070A6
5417|2.025|01/10/2025|Avelino Lopes|Prefeitura|LRF|LRF RGF 2 Quadrimestre 2025 ANEXO 06 SIMPLIFICADO|DM_5417_057_Avelino_Lopes_LRF_RGF_2_Quadrimestre_2025_ANEXO_06_SIMPLIFICADO_pag_601.pdf|http://www.diarioficialdosmunicipios.org/intranet/_lib/file/doc/pdfs/novo2/5417/DM_5417_057_Avelino_Lopes_LRF_RGF_2_Quadrimestre_2025_ANEXO_06_SIMPLIFICADO_pag_601.pdf|0CC562996F3E70B3
5417|2.025|01/10/2025|Avelino Lopes|Prefeitura|LRF|LRF RREO 4 Bimestre 2025 ANEXO 01 BO|DM_5417_058_Avelino_Lopes_LRF_RREO_4_Bimestre_2025_ANEXO_01_BO_pag_574.pdf|http://www.diarioficialdosmunicipios.org/intranet/_lib/file/doc/pdfs/novo2/5417/DM_5417_058_Avelino_Lopes_LRF_RREO_4_Bimestre_2025_ANEXO_01_BO_pag_574.pdf|167C48E3FE04704B
5417|2.025|01/10/2025|Avelino Lopes|Prefeitura|LRF|LRF RREO 4 Bimestre 2025 ANEXO 02 FUNCAO|DM_5417_059_Avelino_Lopes_LRF_RREO_4_Bimestre_2025_ANEXO_02_FUNCAO_pag_576.pdf|http://www.diarioficialdosmunicipios.org/intranet/_lib/file/doc/pdfs/novo2/5417/DM_5417_059_Avelino_Lopes_LRF_RREO_4_Bimestre_2025_ANEXO_02_FUNCAO_pag_576.pdf|1519036BA07A704C
5417|2.025|01/10/2025|Avelino Lopes|Prefeitura|LRF|LRF RREO 4 Bimestre 2025 ANEXO 03 RCL|DM_5417_060_Avelino_Lopes_LRF_RREO_4_Bimestre_2025_ANEXO_03_RCL_pag_577.pdf|http://www.diarioficialdosmunicipios.org/intranet/_lib/file/doc/pdfs/novo2/5417/DM_5417_060_Avelino_Lopes_LRF_RREO_4_Bimestre_2025_ANEXO_03_RCL_pag_577.pdf|1252787AE566704E
5417|2.025|01/10/2025|Avelino Lopes|Prefeitura|LRF|LRF RREO 4 Bimestre 2025 ANEXO 04 RPPS|DM_5417_061_Avelino_Lopes_LRF_RREO_4_Bimestre_2025_ANEXO_04_RPPS_pag_578.pdf|http://www.diarioficialdosmunicipios.org/intranet/_lib/file/doc/pdfs/novo2/5417/DM_5417_061_Avelino_Lopes_LRF_RREO_4_Bimestre_2025_ANEXO_04_RPPS_pag_578.pdf|13B5BDF342F07055
5417|2.025|01/10/2025|Avelino Lopes|Prefeitura|LRF|LRF RREO 4 Bimestre 2025 ANEXO 06 PRIMARIO E NOMINAL|DM_5417_062_Avelino_Lopes_LRF_RREO_4_Bimestre_2025_ANEXO_06_PRIMARIO_E_NOMINAL_pag_580.pdf|http://www.diarioficialdosmunicipios.org/intranet/_lib/file/doc/pdfs/novo2/5417/DM_5417_062_Avelino_Lopes_LRF_RREO_4_Bimestre_2025_ANEXO_06_PRIMARIO_E_NOMINAL_pag_580.pdf|1252787AE566705E
5417|2.025|01/10/2025|Avelino Lopes|Prefeitura|LRF|LRF RREO 4 Bimestre 2025 ANEXO 07 RESTOS A PAGAR|DM_5417_063_Avelino_Lopes_LRF_RREO_4_Bimestre_2025_ANEXO_07_RESTOS_A_PAGAR_pag_581.pdf|http://www.diarioficialdosmunicipios.org/intranet/_lib/file/doc/pdfs/novo2/5417/DM_5417_063_Avelino_Lopes_LRF_RREO_4_Bimestre_2025_ANEXO_07_RESTOS_A_PAGAR_pag_581.pdf|13B5BDF342F07065
5417|2.025|01/10/2025|Avelino Lopes|Prefeitura|LRF|LRF RREO 4 Bimestre 2025 ANEXO 08 MDE|DM_5417_064_Avelino_Lopes_LRF_RREO_4_Bimestre_2025_ANEXO_08_MDE_pag_582.pdf|http://www.diarioficialdosmunicipios.org/intranet/_lib/file/doc/pdfs/novo2/5417/DM_5417_064_Avelino_Lopes_LRF_RREO_4_Bimestre_2025_ANEXO_08_MDE_pag_582.pdf|10EF330287DC7067
5417|2.025|01/10/2025|Avelino Lopes|Prefeitura|LRF|LRF RREO 4 Bimestre 2025 ANEXO 09 OP CREDITO|DM_5417_065_Avelino_Lopes_LRF_RREO_4_Bimestre_2025_ANEXO_09_OP_CREDITO_pag_585.pdf|http://www.diarioficialdosmunicipios.org/intranet/_lib/file/doc/pdfs/novo2/5417/DM_5417_065_Avelino_Lopes_LRF_RREO_4_Bimestre_2025_ANEXO_09_OP_CREDITO_pag_585.pdf|0CC562996F3E706A
5417|2.025|01/10/2025|Avelino Lopes|Prefeitura|LRF|LRF RREO 4 Bimestre 2025 ANEXO 10 PROJECAO RPPS|DM_5417_066_Avelino_Lopes_LRF_RREO_4_Bimestre_2025_ANEXO_10_PROJECAO_RPPS_pag_586.pdf|http://www.diarioficialdosmunicipios.org/intranet/_lib/file/doc/pdfs/novo2/5417/DM_5417_066_Avelino_Lopes_LRF_RREO_4_Bimestre_2025_ANEXO_10_PROJECAO_RPPS_pag_586.pdf|0CC562996F3E7072
5417|2.025|01/10/2025|Avelino Lopes|Prefeitura|LRF|LRF RREO 4 Bimestre 2025 ANEXO 11 ALIENACAO|DM_5417_067_Avelino_Lopes_LRF_RREO_4_Bimestre_2025_ANEXO_11_ALIENACAO_pag_587.pdf|http://www.diarioficialdosmunicipios.org/intranet/_lib/file/doc/pdfs/novo2/5417/DM_5417_067_Avelino_Lopes_LRF_RREO_4_Bimestre_2025_ANEXO_11_ALIENACAO_pag_587.pdf|030E7C4EE0787081
5417|2.025|01/10/2025|Avelino Lopes|Prefeitura|LRF|LRF RREO 4 Bimestre 2025 ANEXO 12 SAUDE|DM_5417_068_Avelino_Lopes_LRF_RREO_4_Bimestre_2025_ANEXO_12_SAUDE_pag_588.pdf|http://www.diarioficialdosmunicipios.org/intranet/_lib/file/doc/pdfs/novo2/5417/DM_5417_068_Avelino_Lopes_LRF_RREO_4_Bimestre_2025_ANEXO_12_SAUDE_pag_588.pdf|01AB36D682EE708A
5417|2.025|01/10/2025|Avelino Lopes|Prefeitura|LRF|LRF RREO 4 Bimestre 2025 ANEXO 13 PPP|DM_5417_069_Avelino_Lopes_LRF_RREO_4_Bimestre_2025_ANEXO_13_PPP_pag_590.pdf|http://www.diarioficialdosmunicipios.org/intranet/_lib/file/doc/pdfs/novo2/5417/DM_5417_069_Avelino_Lopes_LRF_RREO_4_Bimestre_2025_ANEXO_13_PPP_pag_590.pdf|0047F15E25647093
5417|2.025|01/10/2025|Avelino Lopes|Prefeitura|LRF|LRF RREO 4 Bimestre 2025 ANEXO 13 PPP|DM_5417_070_Avelino_Lopes_LRF_RREO_4_Bimestre_2025_ANEXO_13_PPP_pag_591.pdf|http://www.diarioficialdosmunicipios.org/intranet/_lib/file/doc/pdfs/novo2/5417/DM_5417_070_Avelino_Lopes_LRF_RREO_4_Bimestre_2025_ANEXO_13_PPP_pag_591.pdf|09FED7A8B42A708C
5417|2.025|01/10/2025|Avelino Lopes|Prefeitura|LRF|LRF RREO 4 Bimestre 2025 ANEXO 14 SIMPLIFICADO|DM_5417_071_Avelino_Lopes_LRF_RREO_4_Bimestre_2025_ANEXO_14_SIMPLIFICADO_pag_592.pdf|http://www.diarioficialdosmunicipios.org/intranet/_lib/file/doc/pdfs/novo2/5417/DM_5417_071_Avelino_Lopes_LRF_RREO_4_Bimestre_2025_ANEXO_14_SIMPLIFICADO_pag_592.pdf|05D5073F9B8C7097
5418|2.025|02/10/2025|Avelino Lopes|Prefeitura|Decreto|Decreto 059-25|DM_5418_018_Avelino_Lopes_Decreto_059-25_pag_8.pdf|http://www.diarioficialdosmunicipios.org/intranet/_lib/file/doc/pdfs/novo2/5418/DM_5418_018_Avelino_Lopes_Decreto_059-25_pag_8.pdf|09FED7BFFCA15D17
5418|2.025|02/10/2025|Avelino Lopes|Prefeitura|Extrato|Extrato Contrato 080-25 Errata|DM_5418_019_Avelino_Lopes_Extrato_Contrato_080-25_Errata_pag_8.pdf|http://www.diarioficialdosmunicipios.org/intranet/_lib/file/doc/pdfs/novo2/5418/DM_5418_019_Avelino_Lopes_Extrato_Contrato_080-25_Errata_pag_8.pdf|10EF3319D0535FDB
5418|2.025|02/10/2025|Avelino Lopes|Prefeitura|Licitacao|Licitacao PE 032-25 Ata Extrato Publicacao|DM_5418_020_Avelino_Lopes_Licitacao_PE_032-25_Ata_Extrato_Publicacao_pag_8.pdf|http://www.diarioficialdosmunicipios.org/intranet/_lib/file/doc/pdfs/novo2/5418/DM_5418_020_Avelino_Lopes_Licitacao_PE_032-25_Ata_Extrato_Publicacao_pag_8.pdf|167C48FB467B5FC7
5419|2.025|03/10/2025|Avelino Lopes|Prefeitura|Licitacao|Licitacao Concorrencia Eletronica 005-25 Aviso|DM_5419_030_Avelino_Lopes_Licitacao_Concorrencia_Eletronica_005-25_Aviso_pag_53.pdf|http://www.diarioficialdosmunicipios.org/intranet/_lib/file/doc/pdfs/novo2/5419/DM_5419_030_Avelino_Lopes_Licitacao_Concorrencia_Eletronica_005-25_Aviso_pag_53.pdf|0CC562C8002C532F
5422|2.025|08/10/2025|Avelino Lopes|Prefeitura|Edital|Edital SN 2025 PPAIC|DM_5422_022_Avelino_Lopes_Edital_SN_2025_PPAIC_pag_6.pdf|http://www.diarioficialdosmunicipios.org/intranet/_lib/file/doc/pdfs/novo2/5422/DM_5422_022_Avelino_Lopes_Edital_SN_2025_PPAIC_pag_6.pdf|0CC5633C6A7EEBEB
5422|2.025|08/10/2025|Avelino Lopes|Prefeitura|Licitacao|Licitacao Dispensa 018-25 Extrato Contrato 087-25|DM_5422_023_Avelino_Lopes_Licitacao_Dispensa_018-25_Extrato_Contrato_087-25_pag_5.pdf|http://www.diarioficialdosmunicipios.org/intranet/_lib/file/doc/pdfs/novo2/5422/DM_5422_023_Avelino_Lopes_Licitacao_Dispensa_018-25_Extrato_Contrato_087-25_pag_5.pdf|0CC5633C6A7EED70
5422|2.025|08/10/2025|Avelino Lopes|Prefeitura|Portaria|Portaria 136-25|DM_5422_024_Avelino_Lopes_Portaria_136-25_pag_11.pdf|http://www.diarioficialdosmunicipios.org/intranet/_lib/file/doc/pdfs/novo2/5422/DM_5422_024_Avelino_Lopes_Portaria_136-25_pag_11.pdf|0E28A8B4C808EBEA
5423|2.025|09/10/2025|Avelino Lopes|Prefeitura|Edital|Edital 001-25 ppaic|DM_5423_030_Avelino_Lopes_Edital_001-25_ppaic_pag_320.pdf|http://www.diarioficialdosmunicipios.org/intranet/_lib/file/doc/pdfs/novo2/5423/DM_5423_030_Avelino_Lopes_Edital_001-25_ppaic_pag_320.pdf|0F8BEE446E09DCC2
5424|2.025|10/10/2025|Avelino Lopes|Prefeitura|Licitacao|Licitacao PE 033-25 Aviso|DM_5424_038_Avelino_Lopes_Licitacao_PE_033-25_Aviso_pag_50.pdf|http://www.diarioficialdosmunicipios.org/intranet/_lib/file/doc/pdfs/novo2/5424/DM_5424_038_Avelino_Lopes_Licitacao_PE_033-25_Aviso_pag_50.pdf|0E28A8E358F6CAD7
5426|2.025|14/10/2025|Avelino Lopes|Prefeitura|Licitacao|Licitacao Concorrencia Eletronica 005-25 Aviso de Adiamento|DM_5426_022_Avelino_Lopes_Licitacao_Concorrencia_Eletronica_005-25_Aviso_de_Adiamento_pag_458.pdf|http://www.diarioficialdosmunicipios.org/intranet/_lib/file/doc/pdfs/novo2/5426/DM_5426_022_Avelino_Lopes_Licitacao_Concorrencia_Eletronica_005-25_Aviso_de_Adiamento_pag_458.pdf|0047F28CD36E79D3
5427|2.025|15/10/2025|Avelino Lopes|Prefeitura|Licitacao|Licitacao PE 004-24 Contrato 014-24 Aditivo 02|DM_5427_036_Avelino_Lopes_Licitacao_PE_004-24_Contrato_014-24_Aditivo_02_pag_357.pdf|http://www.diarioficialdosmunicipios.org/intranet/_lib/file/doc/pdfs/novo2/5427/DM_5427_036_Avelino_Lopes_Licitacao_PE_004-24_Contrato_014-24_Aditivo_02_pag_357.pdf|07384DFDEF976754
5433|2.025|23/10/2025|Avelino Lopes|Prefeitura|Extrato|Extrato Contrato de Locacao SN 2025-01|DM_5433_018_Avelino_Lopes_Extrato_Contrato_de_Locacao_SN_2025-01_pag_179.pdf|http://www.diarioficialdosmunicipios.org/intranet/_lib/file/doc/pdfs/novo2/5433/DM_5433_018_Avelino_Lopes_Extrato_Contrato_de_Locacao_SN_2025-01_pag_179.pdf|167C4AE4383CCF1A
5433|2.025|23/10/2025|Avelino Lopes|Prefeitura|Licitacao|Licitacao Concorrencia Eletronica 003-25 Extrato Publicacao Contrato 068-25 Aditivo 01|DM_5433_019_Avelino_Lopes_Licitacao_Concorrencia_Eletronica_003-25_Extrato_Publicacao_Contrato_068-25_Aditivo_01_pag_179.pdf|http://www.diarioficialdosmunicipios.org/intranet/_lib/file/doc/pdfs/novo2/5433/DM_5433_019_Avelino_Lopes_Licitacao_Concorrencia_Eletronica_003-25_Extrato_Publicacao_Contrato_068-25_Aditivo_01_pag_179.pdf|0E28AA120700CE45
5434|2.025|24/10/2025|Avelino Lopes|Prefeitura|Edital|Edital PPAIC 001-25 Resultado Final|DM_5434_027_Avelino_Lopes_Edital_PPAIC_001-25_Resultado_Final_pag_3.pdf|http://www.diarioficialdosmunicipios.org/intranet/_lib/file/doc/pdfs/novo2/5434/DM_5434_027_Avelino_Lopes_Edital_PPAIC_001-25_Resultado_Final_pag_3.pdf|05D509571E3BBCEC
5434|2.025|24/10/2025|Avelino Lopes|Prefeitura|Portaria|Portaria 137-25|DM_5434_028_Avelino_Lopes_Portaria_137-25_pag_3.pdf|http://www.diarioficialdosmunicipios.org/intranet/_lib/file/doc/pdfs/novo2/5434/DM_5434_028_Avelino_Lopes_Portaria_137-25_pag_3.pdf|0047F375A813BAB1
5434|2.025|24/10/2025|Avelino Lopes|Prefeitura|Portaria|Portaria 138-25|DM_5434_029_Avelino_Lopes_Portaria_138-25_pag_3.pdf|http://www.diarioficialdosmunicipios.org/intranet/_lib/file/doc/pdfs/novo2/5434/DM_5434_029_Avelino_Lopes_Portaria_138-25_pag_3.pdf|12527A926815BAB5
5439|2.025|31/10/2025|Avelino Lopes|Prefeitura|Licitacao|Licitacao Concorrencia Eletronica 006-25 Aviso|DM_5439_046_Avelino_Lopes_Licitacao_Concorrencia_Eletronica_006-25_Aviso_pag_113.pdf|http://www.diarioficialdosmunicipios.org/intranet/_lib/file/doc/pdfs/novo2/5439/DM_5439_046_Avelino_Lopes_Licitacao_Concorrencia_Eletronica_006-25_Aviso_pag_113.pdf|167C4B9E7BF42EF1
5441|2.025|04/11/2025|Avelino Lopes|Prefeitura|Licitacao|Licitacao Inexigibilidade 013-25 Autorizacao|DM_5441_019_Avelino_Lopes_Licitacao_Inexigibilidade_013-25_Autorizacao_pag_231.pdf|http://www.diarioficialdosmunicipios.org/intranet/_lib/file/doc/pdfs/novo2/5441/DM_5441_019_Avelino_Lopes_Licitacao_Inexigibilidade_013-25_Autorizacao_pag_231.pdf|01AB371C97EE8DD1
5441|2.025|04/11/2025|Avelino Lopes|Prefeitura|Licitacao|Licitacao Inexigibilidade 013-25 Publicacao Extrato Contrato 089-25|DM_5441_020_Avelino_Lopes_Licitacao_Inexigibilidade_013-25_Publicacao_Extrato_Contrato_089-25_pag_231.pdf|http://www.diarioficialdosmunicipios.org/intranet/_lib/file/doc/pdfs/novo2/5441/DM_5441_020_Avelino_Lopes_Licitacao_Inexigibilidade_013-25_Publicacao_Extrato_Contrato_089-25_pag_231.pdf|07384CFE0E168DD5
5442|2.025|05/11/2025|Avelino Lopes|Prefeitura|Decreto|Decreto 053-25 Credito Suplementar|DM_5442_026_Avelino_Lopes_Decreto_053-25_Credito_Suplementar_pag_36.pdf|http://www.diarioficialdosmunicipios.org/intranet/_lib/file/doc/pdfs/novo2/5442/DM_5442_026_Avelino_Lopes_Decreto_053-25_Credito_Suplementar_pag_36.pdf|01AB3733E0657DF7
5443|2.025|06/11/2025|Avelino Lopes|Prefeitura|Decreto|Decreto 067-25|DM_5443_024_Avelino_Lopes_Decreto_067-25_pag_360.pdf|http://www.diarioficialdosmunicipios.org/intranet/_lib/file/doc/pdfs/novo2/5443/DM_5443_024_Avelino_Lopes_Decreto_067-25_pag_360.pdf|089B92A4FC8E6D4E
5443|2.025|06/11/2025|Avelino Lopes|Prefeitura|Licitacao|Licitacao Dispensa 019-25 Extrato Contrato 090-25|DM_5443_025_Avelino_Lopes_Licitacao_Dispensa_019-25_Extrato_Contrato_090-25_pag_360.pdf|http://www.diarioficialdosmunicipios.org/intranet/_lib/file/doc/pdfs/novo2/5443/DM_5443_025_Avelino_Lopes_Licitacao_Dispensa_019-25_Extrato_Contrato_090-25_pag_360.pdf|089B92A4FC8E6CF5
5448|2.025|13/11/2025|Avelino Lopes|Prefeitura|Licitacao|Licitacao PE 033-25 Ata Extrato Publicacao|DM_5448_034_Avelino_Lopes_Licitacao_PE_033-25_Ata_Extrato_Publicacao_pag_3.pdf|http://www.diarioficialdosmunicipios.org/intranet/_lib/file/doc/pdfs/novo2/5448/DM_5448_034_Avelino_Lopes_Licitacao_PE_033-25_Ata_Extrato_Publicacao_pag_3.pdf|0471C2DEDF30E940
5448|2.025|13/11/2025|Avelino Lopes|Prefeitura|Licitacao|Licitacao PE 033-25 Extrato Contrato 088-25|DM_5448_035_Avelino_Lopes_Licitacao_PE_033-25_Extrato_Contrato_088-25_pag_3.pdf|http://www.diarioficialdosmunicipios.org/intranet/_lib/file/doc/pdfs/novo2/5448/DM_5448_035_Avelino_Lopes_Licitacao_PE_033-25_Extrato_Contrato_088-25_pag_3.pdf|030E7D6681A6E941
5450|2.025|17/11/2025|Avelino Lopes|Prefeitura|Licitacao|Licitacao Concorrencia Eletronica 005-25 Extrato Contrato 091-25|DM_5450_020_Avelino_Lopes_Licitacao_Concorrencia_Eletronica_005-25_Extrato_Contrato_091-25_pag_630.pdf|http://www.diarioficialdosmunicipios.org/intranet/_lib/file/doc/pdfs/novo2/5450/DM_5450_020_Avelino_Lopes_Licitacao_Concorrencia_Eletronica_005-25_Extrato_Contrato_091-25_pag_630.pdf|05D508B45E969A79
5455|2.025|25/11/2025|Avelino Lopes|Prefeitura|Resolucao|Resolucao 001-25 CMDCA|DM_5455_039_Avelino_Lopes_Resolucao_001-25_CMDCA_pag_416.pdf|http://www.diarioficialdosmunicipios.org/intranet/_lib/file/doc/pdfs/novo2/5455/DM_5455_039_Avelino_Lopes_Resolucao_001-25_CMDCA_pag_416.pdf|030E7E7DE739F8CD
5457|2.025|27/11/2025|Avelino Lopes|Prefeitura|Licitacao|Licitacao Concorrencia Eletronica 006-25 Aviso Cancelamento|DM_5457_031_Avelino_Lopes_Licitacao_Concorrencia_Eletronica_006-25_Aviso_Cancelamento_pag_493.pdf|http://www.diarioficialdosmunicipios.org/intranet/_lib/file/doc/pdfs/novo2/5457/DM_5457_031_Avelino_Lopes_Licitacao_Concorrencia_Eletronica_006-25_Aviso_Cancelamento_pag_493.pdf|13B5C050DA9FDCDA
5458|2.025|28/11/2025|Avelino Lopes|Prefeitura|Licitacao|Licitacao PE 001-25 Contrato 017-25 Aditivo 01|DM_5458_030_Avelino_Lopes_Licitacao_PE_001-25_Contrato_017-25_Aditivo_01_pag_605.pdf|http://www.diarioficialdosmunicipios.org/intranet/_lib/file/doc/pdfs/novo2/5458/DM_5458_030_Avelino_Lopes_Licitacao_PE_001-25_Contrato_017-25_Aditivo_01_pag_605.pdf|0CC5650E4F64CDF0
5458|2.025|28/11/2025|Avelino Lopes|Prefeitura|Licitacao|Licitacao PE 011-25 Contrato 044-25 Aditivo 01|DM_5458_031_Avelino_Lopes_Licitacao_PE_011-25_Contrato_044-25_Aditivo_01_pag_605.pdf|http://www.diarioficialdosmunicipios.org/intranet/_lib/file/doc/pdfs/novo2/5458/DM_5458_031_Avelino_Lopes_Licitacao_PE_011-25_Contrato_044-25_Aditivo_01_pag_605.pdf|0CC5650E4F64CCB4
5459|2.025|01/12/2025|Avelino Lopes|Prefeitura|Licitacao|Licitacao Concorrencia Eletronica 007-25 Aviso|DM_5459_020_Avelino_Lopes_Licitacao_Concorrencia_Eletronica_007-25_Aviso_pag_361.pdf|http://www.diarioficialdosmunicipios.org/intranet/_lib/file/doc/pdfs/novo2/5459/DM_5459_020_Avelino_Lopes_Licitacao_Concorrencia_Eletronica_007-25_Aviso_pag_361.pdf|10EF3302FF132408
5459|2.025|01/12/2025|Avelino Lopes|Prefeitura|Licitacao|Licitacao Dispensa 020-25 Extrato Contrato 092-25|DM_5459_021_Avelino_Lopes_Licitacao_Dispensa_020-25_Extrato_Contrato_092-25_pag_361.pdf|http://www.diarioficialdosmunicipios.org/intranet/_lib/file/doc/pdfs/novo2/5459/DM_5459_021_Avelino_Lopes_Licitacao_Dispensa_020-25_Extrato_Contrato_092-25_pag_361.pdf|13B5BDF3BA272BB7
5461|2.025|03/12/2025|Avelino Lopes|Prefeitura|Decreto|Decreto 060-25 Credito Suplementar|DM_5461_038_Avelino_Lopes_Decreto_060-25_Credito_Suplementar_pag_128.pdf|http://www.diarioficialdosmunicipios.org/intranet/_lib/file/doc/pdfs/novo2/5461/DM_5461_038_Avelino_Lopes_Decreto_060-25_Credito_Suplementar_pag_128.pdf|0B621D5019D90CEC
5461_B|2.025|03/12/2025|Avelino Lopes|Prefeitura|LRF|LRF RREO 5 Bimestre 2025 ANEXO 01 BO|DM_5461_B_013_Avelino_Lopes_LRF_RREO_5_Bimestre_2025_ANEXO_01_BO_pag_147.pdf|http://www.diarioficialdosmunicipios.org/intranet/_lib/file/doc/pdfs/novo2/5461_B/DM_5461_B_013_Avelino_Lopes_LRF_RREO_5_Bimestre_2025_ANEXO_01_BO_pag_147.pdf|125278A9ED8B0C45
5461_B|2.025|03/12/2025|Avelino Lopes|Prefeitura|LRF|LRF RREO 5 Bimestre 2025 ANEXO 02 FUNCAO|DM_5461_B_014_Avelino_Lopes_LRF_RREO_5_Bimestre_2025_ANEXO_02_FUNCAO_pag_149.pdf|http://www.diarioficialdosmunicipios.org/intranet/_lib/file/doc/pdfs/novo2/5461_B/DM_5461_B_014_Avelino_Lopes_LRF_RREO_5_Bimestre_2025_ANEXO_02_FUNCAO_pag_149.pdf|0CC562C877630C51
5461_B|2.025|03/12/2025|Avelino Lopes|Prefeitura|LRF|LRF RREO 5 Bimestre 2025 ANEXO 03 RCL|DM_5461_B_015_Avelino_Lopes_LRF_RREO_5_Bimestre_2025_ANEXO_03_RCL_pag_150.pdf|http://www.diarioficialdosmunicipios.org/intranet/_lib/file/doc/pdfs/novo2/5461_B/DM_5461_B_015_Avelino_Lopes_LRF_RREO_5_Bimestre_2025_ANEXO_03_RCL_pag_150.pdf|05D5076EA3B10C66
5461_B|2.025|03/12/2025|Avelino Lopes|Prefeitura|LRF|LRF RREO 5 Bimestre 2025 ANEXO 04 RPPS|DM_5461_B_016_Avelino_Lopes_LRF_RREO_5_Bimestre_2025_ANEXO_04_RPPS_pag_151.pdf|http://www.diarioficialdosmunicipios.org/intranet/_lib/file/doc/pdfs/novo2/5461_B/DM_5461_B_016_Avelino_Lopes_LRF_RREO_5_Bimestre_2025_ANEXO_04_RPPS_pag_151.pdf|0471C1F646270C77
5461_B|2.025|03/12/2025|Avelino Lopes|Prefeitura|LRF|LRF RREO 5 Bimestre 2025 ANEXO 06 PRIMARIO E NOMINAL|DM_5461_B_017_Avelino_Lopes_LRF_RREO_5_Bimestre_2025_ANEXO_06_PRIMARIO_E_NOMINAL_pag_154.pdf|http://www.diarioficialdosmunicipios.org/intranet/_lib/file/doc/pdfs/novo2/5461_B/DM_5461_B_017_Avelino_Lopes_LRF_RREO_5_Bimestre_2025_ANEXO_06_PRIMARIO_E_NOMINAL_pag_154.pdf|167C491306290C83
5461_B|2.025|03/12/2025|Avelino Lopes|Prefeitura|LRF|LRF RREO 5 Bimestre 2025 ANEXO 07 RESTOS A PAGAR|DM_5461_B_018_Avelino_Lopes_LRF_RREO_5_Bimestre_2025_ANEXO_07_RESTOS_A_PAGAR_pag_155.pdf|http://www.diarioficialdosmunicipios.org/intranet/_lib/file/doc/pdfs/novo2/5461_B/DM_5461_B_018_Avelino_Lopes_LRF_RREO_5_Bimestre_2025_ANEXO_07_RESTOS_A_PAGAR_pag_155.pdf|0E28A840D4ED0C99
5461_B|2.025|03/12/2025|Avelino Lopes|Prefeitura|LRF|LRF RREO 5 Bimestre 2025 ANEXO 08 MDE|DM_5461_B_019_Avelino_Lopes_LRF_RREO_5_Bimestre_2025_ANEXO_08_MDE_pag_156.pdf|http://www.diarioficialdosmunicipios.org/intranet/_lib/file/doc/pdfs/novo2/5461_B/DM_5461_B_019_Avelino_Lopes_LRF_RREO_5_Bimestre_2025_ANEXO_08_MDE_pag_156.pdf|125278A9ED8B0C9E
5461_B|2.025|03/12/2025|Avelino Lopes|Prefeitura|LRF|LRF RREO 5 Bimestre 2025 ANEXO 09 OP CREDITO|DM_5461_B_020_Avelino_Lopes_LRF_RREO_5_Bimestre_2025_ANEXO_09_OP_CREDITO_pag_159.pdf|http://www.diarioficialdosmunicipios.org/intranet/_lib/file/doc/pdfs/novo2/5461_B/DM_5461_B_020_Avelino_Lopes_LRF_RREO_5_Bimestre_2025_ANEXO_09_OP_CREDITO_pag_159.pdf|0E28A840D4ED0CA9
5461_B|2.025|03/12/2025|Avelino Lopes|Prefeitura|LRF|LRF RREO 5 Bimestre 2025 ANEXO 10 PROJECAO RPPS|DM_5461_B_021_Avelino_Lopes_LRF_RREO_5_Bimestre_2025_ANEXO_10_PROJECAO_RPPS_pag_160.pdf|http://www.diarioficialdosmunicipios.org/intranet/_lib/file/doc/pdfs/novo2/5461_B/DM_5461_B_021_Avelino_Lopes_LRF_RREO_5_Bimestre_2025_ANEXO_10_PROJECAO_RPPS_pag_160.pdf|0047F18D2D890CBB
5461_B|2.025|03/12/2025|Avelino Lopes|Prefeitura|LRF|LRF RREO 5 Bimestre 2025 ANEXO 11 ALIENACAO|DM_5461_B_022_Avelino_Lopes_LRF_RREO_5_Bimestre_2025_ANEXO_11_ALIENACAO_pag_161.pdf|http://www.diarioficialdosmunicipios.org/intranet/_lib/file/doc/pdfs/novo2/5461_B/DM_5461_B_022_Avelino_Lopes_LRF_RREO_5_Bimestre_2025_ANEXO_11_ALIENACAO_pag_161.pdf|089B925F5EC50CBD
5461_B|2.025|03/12/2025|Avelino Lopes|Prefeitura|LRF|LRF RREO 5 Bimestre 2025 ANEXO 12 SAUDE A|DM_5461_B_023_Avelino_Lopes_LRF_RREO_5_Bimestre_2025_ANEXO_12_SAUDE_A_pag_162.pdf|http://www.diarioficialdosmunicipios.org/intranet/_lib/file/doc/pdfs/novo2/5461_B/DM_5461_B_023_Avelino_Lopes_LRF_RREO_5_Bimestre_2025_ANEXO_12_SAUDE_A_pag_162.pdf|0471C1F646270CC0
5461_B|2.025|03/12/2025|Avelino Lopes|Prefeitura|LRF|LRF RREO 5 Bimestre 2025 ANEXO 12 SAUDE B|DM_5461_B_024_Avelino_Lopes_LRF_RREO_5_Bimestre_2025_ANEXO_12_SAUDE_B_pag_164.pdf|http://www.diarioficialdosmunicipios.org/intranet/_lib/file/doc/pdfs/novo2/5461_B/DM_5461_B_024_Avelino_Lopes_LRF_RREO_5_Bimestre_2025_ANEXO_12_SAUDE_B_pag_164.pdf|167C491306290CCC
5461_B|2.025|03/12/2025|Avelino Lopes|Prefeitura|LRF|LRF RREO 5 Bimestre 2025 ANEXO 13 PPP|DM_5461_B_025_Avelino_Lopes_LRF_RREO_5_Bimestre_2025_ANEXO_13_PPP_pag_166.pdf|http://www.diarioficialdosmunicipios.org/intranet/_lib/file/doc/pdfs/novo2/5461_B/DM_5461_B_025_Avelino_Lopes_LRF_RREO_5_Bimestre_2025_ANEXO_13_PPP_pag_166.pdf|167C491306290CD4
5461_B|2.025|03/12/2025|Avelino Lopes|Prefeitura|LRF|LRF RREO 5 Bimestre 2025 ANEXO 14 SIMPLIFICADO|DM_5461_B_026_Avelino_Lopes_LRF_RREO_5_Bimestre_2025_ANEXO_14_SIMPLIFICADO_pag_167.pdf|http://www.diarioficialdosmunicipios.org/intranet/_lib/file/doc/pdfs/novo2/5461_B/DM_5461_B_026_Avelino_Lopes_LRF_RREO_5_Bimestre_2025_ANEXO_14_SIMPLIFICADO_pag_167.pdf|167C491306290CDC
5462|2.025|04/12/2025|Avelino Lopes|Prefeitura|Licitacao|Licitacao Concorrencia Eletronica 008-25 Aviso|DM_5462_017_Avelino_Lopes_Licitacao_Concorrencia_Eletronica_008-25_Aviso_pag_2.pdf|http://www.diarioficialdosmunicipios.org/intranet/_lib/file/doc/pdfs/novo2/5462/DM_5462_017_Avelino_Lopes_Licitacao_Concorrencia_Eletronica_008-25_Aviso_pag_2.pdf|0CC562DFBFD9FF91
5464|2.025|09/12/2025|Avelino Lopes|Prefeitura|Licitacao|Licitacao Concorrencia 009-25 Aviso|DM_5464_017_Avelino_Lopes_Licitacao_Concorrencia_009-25_Aviso_pag_64.pdf|http://www.diarioficialdosmunicipios.org/intranet/_lib/file/doc/pdfs/novo2/5464/DM_5464_017_Avelino_Lopes_Licitacao_Concorrencia_009-25_Aviso_pag_64.pdf|0F8BEE44E5409315
5465|2.025|10/12/2025|Avelino Lopes|Prefeitura|Decreto|Decreto 074-25|DM_5465_018_Avelino_Lopes_Decreto_074-25_pag_18.pdf|http://www.diarioficialdosmunicipios.org/intranet/_lib/file/doc/pdfs/novo2/5465/DM_5465_018_Avelino_Lopes_Decreto_074-25_pag_18.pdf|1252794CE8CB8107
5465|2.025|10/12/2025|Avelino Lopes|Prefeitura|Decreto|Decreto 075-25|DM_5465_019_Avelino_Lopes_Decreto_075-25_pag_18.pdf|http://www.diarioficialdosmunicipios.org/intranet/_lib/file/doc/pdfs/novo2/5465/DM_5465_019_Avelino_Lopes_Decreto_075-25_pag_18.pdf|0F8BEE5C2DB78109
5468|2.025|15/12/2025|Avelino Lopes|Prefeitura|Plano|Plano de Prevencao e Combate a Incendios Florestais|DM_5468_009_Avelino_Lopes_Plano_de_Prevencao_e_Combate_a_Incendios_Florestais_pag_95.pdf|http://www.diarioficialdosmunicipios.org/intranet/_lib/file/doc/pdfs/novo2/5468/DM_5468_009_Avelino_Lopes_Plano_de_Prevencao_e_Combate_a_Incendios_Florestais_pag_95.pdf|0B621E677F6C2586
5469|2.025|16/12/2025|Avelino Lopes|Prefeitura|Decreto|Decreto 079-25|DM_5469_015_Avelino_Lopes_Decreto_079-25_pag_225.pdf|http://www.diarioficialdosmunicipios.org/intranet/_lib/file/doc/pdfs/novo2/5469/DM_5469_015_Avelino_Lopes_Decreto_079-25_pag_225.pdf|151904C956A916C9
5469|2.025|16/12/2025|Avelino Lopes|Prefeitura|Licitacao|Licitacao PE 003-23 Contrato 004-23 Aditivo 04|DM_5469_016_Avelino_Lopes_Licitacao_PE_003-23_Contrato_004-23_Aditivo_04_pag_225.pdf|http://www.diarioficialdosmunicipios.org/intranet/_lib/file/doc/pdfs/novo2/5469/DM_5469_016_Avelino_Lopes_Licitacao_PE_003-23_Contrato_004-23_Aditivo_04_pag_225.pdf|01AB3834391D16C6
5469|2.025|16/12/2025|Avelino Lopes|Prefeitura|Termo|Termo de Adesao a Nota Fiscal de Servico Eletronica de Padrao Nacional|DM_5469_017_Avelino_Lopes_Termo_de_Adesao_a_Nota_Fiscal_de_Servico_Eletronica_de_Padrao_Nacional_pag_225.pdf|http://www.diarioficialdosmunicipios.org/intranet/_lib/file/doc/pdfs/novo2/5469/DM_5469_017_Avelino_Lopes_Termo_de_Adesao_a_Nota_Fiscal_de_Servico_Eletronica_de_Padrao_Nacional_pag_225.pdf|0E28A96F82F71695
5471|2.025|18/12/2025|Avelino Lopes|Prefeitura|Ata|Ata 2025.05.30|DM_5471_014_Avelino_Lopes_Ata_2025.05.30_pag_343.pdf|http://www.diarioficialdosmunicipios.org/intranet/_lib/file/doc/pdfs/novo2/5471/DM_5471_014_Avelino_Lopes_Ata_2025.05.30_pag_343.pdf|09FED934FB46F3A2
5471|2.025|18/12/2025|Avelino Lopes|Prefeitura|Ata|Ata 2025.06.13|DM_5471_015_Avelino_Lopes_Ata_2025.06.13_pag_343.pdf|http://www.diarioficialdosmunicipios.org/intranet/_lib/file/doc/pdfs/novo2/5471/DM_5471_015_Avelino_Lopes_Ata_2025.06.13_pag_343.pdf|0CC56425B65AF3A8
5471|2.025|18/12/2025|Avelino Lopes|Prefeitura|Ata|Ata 2025.07.11|DM_5471_016_Avelino_Lopes_Ata_2025.07.11_pag_344.pdf|http://www.diarioficialdosmunicipios.org/intranet/_lib/file/doc/pdfs/novo2/5471/DM_5471_016_Avelino_Lopes_Ata_2025.07.11_pag_344.pdf|089B93BC9DBCF3B3
5471|2.025|18/12/2025|Avelino Lopes|Prefeitura|Ata|Ata 2025.07.13|DM_5471_017_Avelino_Lopes_Ata_2025.07.13_pag_345.pdf|http://www.diarioficialdosmunicipios.org/intranet/_lib/file/doc/pdfs/novo2/5471/DM_5471_017_Avelino_Lopes_Ata_2025.07.13_pag_345.pdf|089B93BC9DBCF3A3
5471|2.025|18/12/2025|Avelino Lopes|Prefeitura|Ata|Ata 2025.09.06|DM_5471_018_Avelino_Lopes_Ata_2025.09.06_pag_345.pdf|http://www.diarioficialdosmunicipios.org/intranet/_lib/file/doc/pdfs/novo2/5471/DM_5471_018_Avelino_Lopes_Ata_2025.09.06_pag_345.pdf|10EF348ECEF8F39D
5471|2.025|18/12/2025|Avelino Lopes|Prefeitura|Ata|Ata 2025.11.03 A|DM_5471_019_Avelino_Lopes_Ata_2025.11.03_A_pag_346.pdf|http://www.diarioficialdosmunicipios.org/intranet/_lib/file/doc/pdfs/novo2/5471/DM_5471_019_Avelino_Lopes_Ata_2025.11.03_A_pag_346.pdf|0F8BEF16716EF39E
5471|2.025|18/12/2025|Avelino Lopes|Prefeitura|Ata|Ata 2025.11.03 B|DM_5471_020_Avelino_Lopes_Ata_2025.11.03_B_pag_346.pdf|http://www.diarioficialdosmunicipios.org/intranet/_lib/file/doc/pdfs/novo2/5471/DM_5471_020_Avelino_Lopes_Ata_2025.11.03_B_pag_346.pdf|0B621EAD58D0F3A1
5471|2.025|18/12/2025|Avelino Lopes|Prefeitura|Decreto|Decreto 060-25 Credito Suplementar|DM_5471_021_Avelino_Lopes_Decreto_060-25_Credito_Suplementar_pag_347.pdf|http://www.diarioficialdosmunicipios.org/intranet/_lib/file/doc/pdfs/novo2/5471/DM_5471_021_Avelino_Lopes_Decreto_060-25_Credito_Suplementar_pag_347.pdf|0047F2EA6C80F5A7
5471|2.025|18/12/2025|Avelino Lopes|Prefeitura|Distrato|Distrato Contrato SN 2025-01|DM_5471_022_Avelino_Lopes_Distrato_Contrato_SN_2025-01_pag_343.pdf|http://www.diarioficialdosmunicipios.org/intranet/_lib/file/doc/pdfs/novo2/5471/DM_5471_022_Avelino_Lopes_Distrato_Contrato_SN_2025-01_pag_343.pdf|0E28A99E13E4F585
5472|2.025|19/12/2025|Avelino Lopes|Prefeitura|Licitacao|Licitacao Dispensa 021-25 Extrato Contrato 077-25|DM_5472_019_Avelino_Lopes_Licitacao_Dispensa_021-25_Extrato_Contrato_077-25_pag_2.pdf|http://www.diarioficialdosmunicipios.org/intranet/_lib/file/doc/pdfs/novo2/5472/DM_5472_019_Avelino_Lopes_Licitacao_Dispensa_021-25_Extrato_Contrato_077-25_pag_2.pdf|01AB387A1281E344
5473|2.025|22/12/2025|Avelino Lopes|Prefeitura|Portaria|Portaria 150-25|DM_5473_010_Avelino_Lopes_Portaria_150-25_pag_480.pdf|http://www.diarioficialdosmunicipios.org/intranet/_lib/file/doc/pdfs/novo2/5473/DM_5473_010_Avelino_Lopes_Portaria_150-25_pag_480.pdf|10EF34EBF0D4A650
5473|2.025|22/12/2025|Avelino Lopes|Prefeitura|Termo|Termo de Posse SN 2025-01|DM_5473_011_Avelino_Lopes_Termo_de_Posse_SN_2025-01_pag_481.pdf|http://www.diarioficialdosmunicipios.org/intranet/_lib/file/doc/pdfs/novo2/5473/DM_5473_011_Avelino_Lopes_Termo_de_Posse_SN_2025-01_pag_481.pdf|09FED9921D22A416
5473|2.025|22/12/2025|Avelino Lopes|Prefeitura|Termo|Termo de Posse SN 2025-02|DM_5473_012_Avelino_Lopes_Termo_de_Posse_SN_2025-02_pag_481.pdf|http://www.diarioficialdosmunicipios.org/intranet/_lib/file/doc/pdfs/novo2/5473/DM_5473_012_Avelino_Lopes_Termo_de_Posse_SN_2025-02_pag_481.pdf|167C4ACD66FCA426
5473|2.025|22/12/2025|Avelino Lopes|Prefeitura|Termo|Termo de Posse SN 2025-03|DM_5473_013_Avelino_Lopes_Termo_de_Posse_SN_2025-03_pag_481.pdf|http://www.diarioficialdosmunicipios.org/intranet/_lib/file/doc/pdfs/novo2/5473/DM_5473_013_Avelino_Lopes_Termo_de_Posse_SN_2025-03_pag_481.pdf|0B621F0A7AACA466
5473|2.025|22/12/2025|Avelino Lopes|Prefeitura|Termo|Termo de Posse SN 2025-04|DM_5473_014_Avelino_Lopes_Termo_de_Posse_SN_2025-04_pag_481.pdf|http://www.diarioficialdosmunicipios.org/intranet/_lib/file/doc/pdfs/novo2/5473/DM_5473_014_Avelino_Lopes_Termo_de_Posse_SN_2025-04_pag_481.pdf|0CC56482D836A445
5473|2.025|22/12/2025|Avelino Lopes|Prefeitura|Termo|Termo de Posse SN 2025-05|DM_5473_015_Avelino_Lopes_Termo_de_Posse_SN_2025-05_pag_482.pdf|http://www.diarioficialdosmunicipios.org/intranet/_lib/file/doc/pdfs/novo2/5473/DM_5473_015_Avelino_Lopes_Termo_de_Posse_SN_2025-05_pag_482.pdf|0F8BEF73934AA453
5473|2.025|22/12/2025|Avelino Lopes|Prefeitura|Termo|Termo de Posse SN 2025-06|DM_5473_016_Avelino_Lopes_Termo_de_Posse_SN_2025-06_pag_482.pdf|http://www.diarioficialdosmunicipios.org/intranet/_lib/file/doc/pdfs/novo2/5473/DM_5473_016_Avelino_Lopes_Termo_de_Posse_SN_2025-06_pag_482.pdf|09FED9921D22A45F
5473|2.025|22/12/2025|Avelino Lopes|Prefeitura|Termo|Termo de Posse SN 2025-07|DM_5473_017_Avelino_Lopes_Termo_de_Posse_SN_2025-07_pag_482.pdf|http://www.diarioficialdosmunicipios.org/intranet/_lib/file/doc/pdfs/novo2/5473/DM_5473_017_Avelino_Lopes_Termo_de_Posse_SN_2025-07_pag_482.pdf|10EF34EBF0D4A442
5473|2.025|22/12/2025|Avelino Lopes|Prefeitura|Termo|Termo de Posse SN 2025-08|DM_5473_018_Avelino_Lopes_Termo_de_Posse_SN_2025-08_pag_482.pdf|http://www.diarioficialdosmunicipios.org/intranet/_lib/file/doc/pdfs/novo2/5473/DM_5473_018_Avelino_Lopes_Termo_de_Posse_SN_2025-08_pag_482.pdf|030E7E384970A464
5473|2.025|22/12/2025|Avelino Lopes|Prefeitura|Termo|Termo de Posse SN 2025-09|DM_5473_019_Avelino_Lopes_Termo_de_Posse_SN_2025-09_pag_483.pdf|http://www.diarioficialdosmunicipios.org/intranet/_lib/file/doc/pdfs/novo2/5473/DM_5473_019_Avelino_Lopes_Termo_de_Posse_SN_2025-09_pag_483.pdf|0047F3478E5CA42D
5473|2.025|22/12/2025|Avelino Lopes|Prefeitura|Termo|Termo de Posse SN 2025-10|DM_5473_020_Avelino_Lopes_Termo_de_Posse_SN_2025-10_pag_483.pdf|http://www.diarioficialdosmunicipios.org/intranet/_lib/file/doc/pdfs/novo2/5473/DM_5473_020_Avelino_Lopes_Termo_de_Posse_SN_2025-10_pag_483.pdf|167C4ACD66FCA42E
5473|2.025|22/12/2025|Avelino Lopes|Prefeitura|Termo|Termo de Posse SN 2025-11|DM_5473_021_Avelino_Lopes_Termo_de_Posse_SN_2025-11_pag_483.pdf|http://www.diarioficialdosmunicipios.org/intranet/_lib/file/doc/pdfs/novo2/5473/DM_5473_021_Avelino_Lopes_Termo_de_Posse_SN_2025-11_pag_483.pdf|151905550972A437
5473|2.025|22/12/2025|Avelino Lopes|Prefeitura|Termo|Termo de Posse SN 2025-12|DM_5473_022_Avelino_Lopes_Termo_de_Posse_SN_2025-12_pag_483.pdf|http://www.diarioficialdosmunicipios.org/intranet/_lib/file/doc/pdfs/novo2/5473/DM_5473_022_Avelino_Lopes_Termo_de_Posse_SN_2025-12_pag_483.pdf|13B5BFDCABE8A499
5473_B|2.025|22/12/2025|Avelino Lopes|Prefeitura|Lei|Lei 513-25 (LOA)|DM_5473_B_001_Avelino_Lopes_Lei_513-25_(LOA)_pag_2.pdf|http://www.diarioficialdosmunicipios.org/intranet/_lib/file/doc/pdfs/novo2/5473_B/DM_5473_B_001_Avelino_Lopes_Lei_513-25_(LOA)_pag_2.pdf|0F8BEF73934AA54E
5473_B|2.025|22/12/2025|Avelino Lopes|Prefeitura|Lei|Lei 514-25 (PPA)|DM_5473_B_002_Avelino_Lopes_Lei_514-25_(PPA)_pag_117.pdf|http://www.diarioficialdosmunicipios.org/intranet/_lib/file/doc/pdfs/novo2/5473_B/DM_5473_B_002_Avelino_Lopes_Lei_514-25_(PPA)_pag_117.pdf|10EF34EBF0D4A54D
5474|2.025|23/12/2025|Avelino Lopes|Prefeitura|Declaracao|Declaracao de Dominio Publico|DM_5474_018_Avelino_Lopes_Declaracao_de_Dominio_Publico_pag_505.pdf|http://www.diarioficialdosmunicipios.org/intranet/_lib/file/doc/pdfs/novo2/5474/DM_5474_018_Avelino_Lopes_Declaracao_de_Dominio_Publico_pag_505.pdf|12527A7B96D59A11
5475|2.025|24/12/2025|Avelino Lopes|Prefeitura|Decreto|Decreto 082-25 Programacao Financeira A|DM_5475_028_Avelino_Lopes_Decreto_082-25_Programacao_Financeira_A_pag_468.pdf|http://www.diarioficialdosmunicipios.org/intranet/_lib/file/doc/pdfs/novo2/5475/DM_5475_028_Avelino_Lopes_Decreto_082-25_Programacao_Financeira_A_pag_468.pdf|0F8BEFA22438889C
5475|2.025|24/12/2025|Avelino Lopes|Prefeitura|Decreto|Decreto 082-25 Programacao Financeira B|DM_5475_029_Avelino_Lopes_Decreto_082-25_Programacao_Financeira_B_pag_477.pdf|http://www.diarioficialdosmunicipios.org/intranet/_lib/file/doc/pdfs/novo2/5475/DM_5475_029_Avelino_Lopes_Decreto_082-25_Programacao_Financeira_B_pag_477.pdf|0F8BEFA224388894
5477|2.025|29/12/2025|Avelino Lopes|Prefeitura|Plano|Plano de Aplicacao de Recursos 30882120250002-022031 A|DM_5477_020_Avelino_Lopes_Plano_de_Aplicacao_de_Recursos_30882120250002-022031_A_pag_223.pdf|http://www.diarioficialdosmunicipios.org/intranet/_lib/file/doc/pdfs/novo2/5477/DM_5477_020_Avelino_Lopes_Plano_de_Aplicacao_de_Recursos_30882120250002-022031_A_pag_223.pdf|0471C453A23B1B04
5477|2.025|29/12/2025|Avelino Lopes|Prefeitura|Plano|Plano de Aplicacao de Recursos 30882120250002-022031 B|DM_5477_021_Avelino_Lopes_Plano_de_Aplicacao_de_Recursos_30882120250002-022031_B_pag_225.pdf|http://www.diarioficialdosmunicipios.org/intranet/_lib/file/doc/pdfs/novo2/5477/DM_5477_021_Avelino_Lopes_Plano_de_Aplicacao_de_Recursos_30882120250002-022031_B_pag_225.pdf|07384F445D4F1B02
5478|2.025|30/12/2025|Avelino Lopes|Prefeitura|Decreto|Decreto 083-25|DM_5478_025_Avelino_Lopes_Decreto_083-25_pag_274.pdf|http://www.diarioficialdosmunicipios.org/intranet/_lib/file/doc/pdfs/novo2/5478/DM_5478_025_Avelino_Lopes_Decreto_083-25_pag_274.pdf|13B5C096EFA00B56
5478|2.025|30/12/2025|Avelino Lopes|Prefeitura|Portaria|Portaria 140-25|DM_5478_026_Avelino_Lopes_Portaria_140-25_pag_275.pdf|http://www.diarioficialdosmunicipios.org/intranet/_lib/file/doc/pdfs/novo2/5478/DM_5478_026_Avelino_Lopes_Portaria_140-25_pag_275.pdf|0F8BF02DD702083E
5478|2.025|30/12/2025|Avelino Lopes|Prefeitura|Portaria|Portaria 141-25 A|DM_5478_027_Avelino_Lopes_Portaria_141-25_A_pag_275.pdf|http://www.diarioficialdosmunicipios.org/intranet/_lib/file/doc/pdfs/novo2/5478/DM_5478_027_Avelino_Lopes_Portaria_141-25_A_pag_275.pdf|07384F5BA5C60854
5478|2.025|30/12/2025|Avelino Lopes|Prefeitura|Portaria|Portaria 141-25 B|DM_5478_028_Avelino_Lopes_Portaria_141-25_B_pag_276.pdf|http://www.diarioficialdosmunicipios.org/intranet/_lib/file/doc/pdfs/novo2/5478/DM_5478_028_Avelino_Lopes_Portaria_141-25_B_pag_276.pdf|07384F5BA5C60864
5478|2.025|30/12/2025|Avelino Lopes|Prefeitura|Portaria|Portaria 142-25|DM_5478_029_Avelino_Lopes_Portaria_142-25_pag_276.pdf|http://www.diarioficialdosmunicipios.org/intranet/_lib/file/doc/pdfs/novo2/5478/DM_5478_029_Avelino_Lopes_Portaria_142-25_pag_276.pdf|05D509E3483C081C
5478|2.025|30/12/2025|Avelino Lopes|Prefeitura|Portaria|Portaria 144-25 A|DM_5478_030_Avelino_Lopes_Portaria_144-25_A_pag_276.pdf|http://www.diarioficialdosmunicipios.org/intranet/_lib/file/doc/pdfs/novo2/5478/DM_5478_030_Avelino_Lopes_Portaria_144-25_A_pag_276.pdf|09FEDA4C60DA084A
5478|2.025|30/12/2025|Avelino Lopes|Prefeitura|Portaria|Portaria 144-25 B|DM_5478_031_Avelino_Lopes_Portaria_144-25_B_pag_276.pdf|http://www.diarioficialdosmunicipios.org/intranet/_lib/file/doc/pdfs/novo2/5478/DM_5478_031_Avelino_Lopes_Portaria_144-25_B_pag_276.pdf|09FEDA4C60DA0852
5478|2.025|30/12/2025|Avelino Lopes|Prefeitura|Portaria|Portaria 145-25|DM_5478_032_Avelino_Lopes_Portaria_145-25_pag_277.pdf|http://www.diarioficialdosmunicipios.org/intranet/_lib/file/doc/pdfs/novo2/5478/DM_5478_032_Avelino_Lopes_Portaria_145-25_pag_277.pdf|09FEDA4C60DA085A
5478|2.025|30/12/2025|Avelino Lopes|Prefeitura|Portaria|Portaria 146-25|DM_5478_033_Avelino_Lopes_Portaria_146-25_pag_277.pdf|http://www.diarioficialdosmunicipios.org/intranet/_lib/file/doc/pdfs/novo2/5478/DM_5478_033_Avelino_Lopes_Portaria_146-25_pag_277.pdf|10EF35A6348C082D
5478|2.025|30/12/2025|Avelino Lopes|Prefeitura|Portaria|Portaria 147-25 A|DM_5478_034_Avelino_Lopes_Portaria_147-25_A_pag_277.pdf|http://www.diarioficialdosmunicipios.org/intranet/_lib/file/doc/pdfs/novo2/5478/DM_5478_034_Avelino_Lopes_Portaria_147-25_A_pag_277.pdf|01AB397A2F9E081F
5478|2.025|30/12/2025|Avelino Lopes|Prefeitura|Portaria|Portaria 147-25 B|DM_5478_035_Avelino_Lopes_Portaria_147-25_B_pag_277.pdf|http://www.diarioficialdosmunicipios.org/intranet/_lib/file/doc/pdfs/novo2/5478/DM_5478_035_Avelino_Lopes_Portaria_147-25_B_pag_277.pdf|0047F401D2140830
5478|2.025|30/12/2025|Avelino Lopes|Prefeitura|Portaria|Portaria 148-25|DM_5478_036_Avelino_Lopes_Portaria_148-25_pag_278.pdf|http://www.diarioficialdosmunicipios.org/intranet/_lib/file/doc/pdfs/novo2/5478/DM_5478_036_Avelino_Lopes_Portaria_148-25_pag_278.pdf|0B621FC4BE640861
5478|2.025|30/12/2025|Avelino Lopes|Prefeitura|Portaria|Portaria 149-25|DM_5478_037_Avelino_Lopes_Portaria_149-25_pag_278.pdf|http://www.diarioficialdosmunicipios.org/intranet/_lib/file/doc/pdfs/novo2/5478/DM_5478_037_Avelino_Lopes_Portaria_149-25_pag_278.pdf|05D509E3483C085D
5479|2.025|31/12/2025|Avelino Lopes|Prefeitura|Licitacao|Licitacao Concorrencia Eletronica 007-25 Extrato Contrato 094-25|DM_5479_195_Avelino_Lopes_Licitacao_Concorrencia_Eletronica_007-25_Extrato_Contrato_094-25_pag_754.pdf|http://www.diarioficialdosmunicipios.org/intranet/_lib/file/doc/pdfs/novo2/5479/DM_5479_195_Avelino_Lopes_Licitacao_Concorrencia_Eletronica_007-25_Extrato_Contrato_094-25_pag_754.pdf|0B621FDC06DAFA87
5479|2.025|31/12/2025|Avelino Lopes|Prefeitura|Licitacao|Licitacao TP 001-23 Extrato Publicacao Contrato 003-23 Aditivo 03|DM_5479_196_Avelino_Lopes_Licitacao_TP_001-23_Extrato_Publicacao_Contrato_003-23_Aditivo_03_pag_754.pdf|http://www.diarioficialdosmunicipios.org/intranet/_lib/file/doc/pdfs/novo2/5479/DM_5479_196_Avelino_Lopes_Licitacao_TP_001-23_Extrato_Publicacao_Contrato_003-23_Aditivo_03_pag_754.pdf|1519062695A0FE4C
5425|2.025|13/10/2025|Avelino Lopes|Camara|Licitacao|Licitacao Dispensa Eletronica 004-25 Aviso|DM_5425_022_Avelino_Lopes_Licitacao_Dispensa_Eletronica_004-25_Aviso_pag_22.pdf|http://www.diarioficialdosmunicipios.org/intranet/_lib/file/doc/pdfs/novo2/5425/DM_5425_022_Avelino_Lopes_Licitacao_Dispensa_Eletronica_004-25_Aviso_pag_22.pdf|0471C2DEA3958C32
5428|2.025|16/10/2025|Avelino Lopes|Camara|LRF|LRF RGF 2 Quadrimestre 2025 ANEXO 01 PESSOAL|DM_5428_019_Avelino_Lopes_LRF_RGF_2_Quadrimestre_2025_ANEXO_01_PESSOAL_pag_724.pdf|http://www.diarioficialdosmunicipios.org/intranet/_lib/file/doc/pdfs/novo2/5428/DM_5428_019_Avelino_Lopes_LRF_RGF_2_Quadrimestre_2025_ANEXO_01_PESSOAL_pag_724.pdf|0047F2BB645C583A
5431|2.025|21/10/2025|Avelino Lopes|Camara|Licitacao|Licitacao Dispensa 004-25 Extrato Contrato 012-25|DM_5431_011_Avelino_Lopes_Licitacao_Dispensa_004-25_Extrato_Contrato_012-25_pag_181.pdf|http://www.diarioficialdosmunicipios.org/intranet/_lib/file/doc/pdfs/novo2/5431/DM_5431_011_Avelino_Lopes_Licitacao_Dispensa_004-25_Extrato_Contrato_012-25_pag_181.pdf|030E7E2089C2F13A
5459_B|2.025|01/12/2025|Avelino Lopes|Camara|LRF|LRF RGF 2 Quadrimestre 2025 ANEXO 01 PESSOAL|DM_5459_B_498_Avelino_Lopes_LRF_RGF_2_Quadrimestre_2025_ANEXO_01_PESSOAL_pag_775.pdf|http://www.diarioficialdosmunicipios.org/intranet/_lib/file/doc/pdfs/novo2/5459_B/DM_5459_B_498_Avelino_Lopes_LRF_RGF_2_Quadrimestre_2025_ANEXO_01_PESSOAL_pag_775.pdf|01AB36D6FA252C45
